"Candidate_ID","Candidate_Name","Num_Parties"
"Abdul_Rehman","Abdul Rehman",6
"Muhammad_Aslam","Muhammad Aslam",6
"Abdul_Qadir","Abdul Qadir",5
"Muhammad_Ramzan","Muhammad Ramzan",5
"Muhammad_Yousaf","Muhammad Yousaf",5
"Abdul_Hameed","Abdul Hameed",4
"Abdul_Khaliq","Abdul Khaliq",4
"Abdul_Qayyum","Abdul Qayyum",4
"Abdul_Rauf","Abdul Rauf",4
"Abid_Hussain","Abid Hussain",4
"Ajab_Khan","Ajab Khan",4
"Atta_Ur_Rehman","Atta Ur Rehman",4
"Ghulam_Qadir","Ghulam Qadir",4
"Ghulam_Rasool","Ghulam Rasool",4
"Muhammad_Anwar","Muhammad Anwar",4
"Muhammad_Iqbal","Muhammad Iqbal",4
"Muhammad_Ishaq","Muhammad Ishaq",4
"Muhammad_Rafiq","Muhammad Rafiq",4
"Muhammad_Rafique","Muhammad Rafique",4
"Muhammad_Tahir","Muhammad Tahir",4
"Sajid_Ali","Sajid Ali",4
"Umar_Farooq","Umar Farooq",4
"Abdul_Aleem_Khan","Abdul Aleem Khan",3
"Abdul_Bari","Abdul Bari",3
"Abdul_Ghafoor","Abdul Ghafoor",3
"Abdul_Jabbar_Khan","Abdul Jabbar Khan",3
"Abdul_Rasheed","Abdul Rasheed",3
"Abdul_Sattar","Abdul Sattar",3
"Abdul_Waheed_Khan","Abdul Waheed Khan",3
"Abdullah","Abdullah",3
"Aftab_Ahmad_Khan_Sherpao","Aftab Ahmad Khan Sherpao",3
"Aijaz_Ali","Aijaz Ali",3
"Aziz_Ur_Rehman","Aziz Ur Rehman",3
"Ghulam_Abbas","Ghulam Abbas",3
"Ghulam_Mustafa","Ghulam Mustafa",3
"Ghulam_Nabi","Ghulam Nabi",3
"Imran_Khan","Imran Khan",3
"Jahangir_Khan_Tareen","Jahangir Khan Tareen",3
"Khalid_Mehmood","Khalid Mehmood",3
"Liaqat_Ali","Liaqat Ali",3
"Manzoor_Ahmed","Manzoor Ahmed",3
"Mehmood_Khan_Achakzai","Mehmood Khan Achakzai",3
"Muhammad_Afzal","Muhammad Afzal",3
"Muhammad_Amjad","Muhammad Amjad",3
"Muhammad_Arshad","Muhammad Arshad",3
"Muhammad_Asghar","Muhammad Asghar",3
"Muhammad_Asif","Muhammad Asif",3
"Muhammad_Iqbal_Khan","Muhammad Iqbal Khan",3
"Muhammad_Ismail","Muhammad Ismail",3
"Muhammad_Qasim","Muhammad Qasim",3
"Muhammad_Riaz","Muhammad Riaz",3
"Muhammad_Sadiq","Muhammad Sadiq",3
"Muhammad_Saleem_Khan","Muhammad Saleem Khan",3
"Muhammad_Shafique","Muhammad Shafique",3
"Muhammad_Shahid","Muhammad Shahid",3
"Muhammad_Younas","Muhammad Younas",3
"Muhammad_Zaman","Muhammad Zaman",3
"Naveed_Iqbal","Naveed Iqbal",3
"Niaz_Muhammad","Niaz Muhammad",3
"Saeed_Ahmed","Saeed Ahmed",3
"Saif_Ullah","Saif Ullah",3
"Sajjad_Ahmad","Sajjad Ahmad",3
"Sher_Akbar_Khan","Sher Akbar Khan",3
"Syed_Inayat_Ali_Shah","Syed Inayat Ali Shah",3
"Syed_Javed_Ali_Shah","Syed Javed Ali Shah",3
"Tahir_Iqbal","Tahir Iqbal",3
"Usman_Ghani","Usman Ghani",3
"Zafar_Iqbal","Zafar Iqbal",3
"Abdul_Aziz","Abdul Aziz",2
"Abdul_Baqi","Abdul Baqi",2
"Abdul_Hakeem_Baloch","Abdul Hakeem Baloch",2
"Abdul_Hameed_Khan","Abdul Hameed Khan",2
"Abdul_Jabbar","Abdul Jabbar",2
"Abdul_Khaliq_Rehmani","Abdul Khaliq Rehmani",2
"Abdul_Latif","Abdul Latif",2
"Abdul_Majeed","Abdul Majeed",2
"Abdul_Malik","Abdul Malik",2
"Abdul_Mohsin","Abdul Mohsin",2
"Abdul_Qayyum_Khan_Jatoi","Abdul Qayyum Khan Jatoi",2
"Abdul_Rashid","Abdul Rashid",2
"Abdul_Razzaq","Abdul Razzaq",2
"Abdul_Razzaque","Abdul Razzaque",2
"Abdul_Shakoor","Abdul Shakoor",2
"Abdul_Wahab","Abdul Wahab",2
"Abdul_Wajid","Abdul Wajid",2
"Abrar_Hussain","Abrar Hussain",2
"Ahmad_Raza_Maneka","Ahmad Raza Maneka",2
"Akhtar_Ali_Khan","Akhtar Ali Khan",2
"Akhtar_Muhammad","Akhtar Muhammad",2
"Ali_Asghar_Rind","Ali Asghar Rind",2
"Aman_Ullah","Aman Ullah",2
"Amanullah","Amanullah",2
"Amanullah_Khan","Amanullah Khan",2
"Amjad_Ali_Khan","Amjad Ali Khan",2
"Anwar_Ul_Haq_Chaudhary","Anwar Ul Haq Chaudhary",2
"Asghar_Ali_Shah","Asghar Ali Shah",2
"Ashiq_Ali","Ashiq Ali",2
"Atta_Ullah_Khan","Atta Ullah Khan",2
"Aurang_Zeb_Khan","Aurang Zeb Khan",2
"Ayaz_Amir","Ayaz Amir",2
"Aziz_Ullah","Aziz Ullah",2
"Babar_Ali","Babar Ali",2
"Barrister_Gohar_Ali_Khan","Barrister Gohar Ali Khan",2
"Bibi_Yasmeen_Shah","Bibi Yasmeen Shah",2
"Bilal_Qudrat_Butt","Bilal Qudrat Butt",2
"Daniyal_Aziz","Daniyal Aziz",2
"Dawa_Khan","Dawa Khan",2
"Deedar_Ali","Deedar Ali",2
"Dost_Muhammad_Khan","Dost Muhammad Khan",2
"Ehsanullah_Reki","Ehsanullah Reki",2
"Fanoos_Gujar","Fanoos Gujar",2
"Fida_Muhammad","Fida Muhammad",2
"Ghous_Bux_Khan_Mahar","Ghous Bux Khan Mahar",2
"Ghulam_Bibi_Bharwana","Ghulam Bibi Bharwana",2
"Ghulam_Haider","Ghulam Haider",2
"Ghulam_Muhammad","Ghulam Muhammad",2
"Ghulam_Sarwar_Khan","Ghulam Sarwar Khan",2
"Gul_Asghar_Khan","Gul Asghar Khan",2
"Gul_Hassan","Gul Hassan",2
"Habib_Ur_Rehman","Habib Ur Rehman",2
"Haider_Ali_Khan","Haider Ali Khan",2
"Haji_Ghulam_Qadir_Noohani","Haji Ghulam Qadir Noohani",2
"Haji_Muhammad_Gulzar_Awan","Haji Muhammad Gulzar Awan",2
"Hamayun_Akhtar_Khan","Hamayun Akhtar Khan",2
"Hameed_Hussain","Hameed Hussain",2
"Hamza","Hamza",2
"Hassan_Sardar","Hassan Sardar",2
"Hizbullah","Hizbullah",2
"Iftikhar_Ahmed","Iftikhar Ahmed",2
"Imdad_Ali","Imdad Ali",2
"Imran_Ali","Imran Ali",2
"Imtiaz_Hussain","Imtiaz Hussain",2
"Irfan_Ahmed","Irfan Ahmed",2
"Irfan_Ullah","Irfan Ullah",2
"Jalal_Khan_Khattak","Jalal Khan Khattak",2
"Jamal_Khan","Jamal Khan",2
"Javed_Iqbal","Javed Iqbal",2
"Jehangir_Khan","Jehangir Khan",2
"Kamal_Shah","Kamal Shah",2
"Karim_Ali_Jatoi","Karim Ali Jatoi",2
"Khalid_Ahmed_Khan_Lund","Khalid Ahmed Khan Lund",2
"Khalid_Mahmood","Khalid Mahmood",2
"Khalil_Ur_Rehman","Khalil Ur Rehman",2
"Khurram_Shahzad","Khurram Shahzad",2
"Liaqat_Baloch","Liaqat Baloch",2
"Mahmood_Ul_Hassan","Mahmood Ul Hassan",2
"Majid_Khan","Majid Khan",2
"Makhdoom_Shah_Mehmood_Qureshi","Makhdoom Shah Mehmood Qureshi",2
"Malik_Karamat_Ali_Khokhar","Malik Karamat Ali Khokhar",2
"Malik_Matloob_Ali_Awan","Malik Matloob Ali Awan",2
"Malik_Sikandar_Khan","Malik Sikandar Khan",2
"Malik_Sohail_Khan","Malik Sohail Khan",2
"Malik_Tariq_Mehmood","Malik Tariq Mehmood",2
"Maqsood_Ahmed","Maqsood Ahmed",2
"Maulana_Fazal_Ur_Rehman","Maulana Fazal Ur Rehman",2
"Maulana_Mian_Hussain_Jalali","Maulana Mian Hussain Jalali",2
"Mian_Muhammad_Asif","Mian Muhammad Asif",2
"Mian_Muhammad_Rasheed","Mian Muhammad Rasheed",2
"Mian_Riaz_Hussain_Pirzada","Mian Riaz Hussain Pirzada",2
"Mian_Tariq_Mehmood","Mian Tariq Mehmood",2
"Mir_Ali_Nawaz_Talpur","Mir Ali Nawaz Talpur",2
"Moulana_Abdullah_Pahore","Moulana Abdullah Pahore",2
"Muhammad_Abbas","Muhammad Abbas",2
"Muhammad_Afzal_Sindhu","Muhammad Afzal Sindhu",2
"Muhammad_Alam","Muhammad Alam",2
"Muhammad_Ali_Rashid","Muhammad Ali Rashid",2
"Muhammad_Amin","Muhammad Amin",2
"Muhammad_Ashraf","Muhammad Ashraf",2
"Muhammad_Ayoub","Muhammad Ayoub",2
"Muhammad_Azam","Muhammad Azam",2
"Muhammad_Azhar","Muhammad Azhar",2
"Muhammad_Bilal","Muhammad Bilal",2
"Muhammad_Faisal","Muhammad Faisal",2
"Muhammad_Hanif","Muhammad Hanif",2
"Muhammad_Haris","Muhammad Haris",2
"Muhammad_Hassan","Muhammad Hassan",2
"Muhammad_Ibrahim","Muhammad Ibrahim",2
"Muhammad_Ijaz","Muhammad Ijaz",2
"Muhammad_Ijaz-Ul-Haq","Muhammad Ijaz-Ul-Haq",2
"Muhammad_Ijaz_Ul_Haq","Muhammad Ijaz Ul Haq",2
"Muhammad_Imran","Muhammad Imran",2
"Muhammad_Irfan","Muhammad Irfan",2
"Muhammad_Jamal_Ud_Din","Muhammad Jamal Ud Din",2
"Muhammad_Jameel","Muhammad Jameel",2
"Muhammad_Javed","Muhammad Javed",2
"Muhammad_Kashif","Muhammad Kashif",2
"Muhammad_Khan","Muhammad Khan",2
"Muhammad_Latif","Muhammad Latif",2
"Muhammad_Malik","Muhammad Malik",2
"Muhammad_Mehboob_Sultan","Muhammad Mehboob Sultan",2
"Muhammad_Mushtaq","Muhammad Mushtaq",2
"Muhammad_Naeem","Muhammad Naeem",2
"Muhammad_Nasrullah","Muhammad Nasrullah",2
"Muhammad_Nawaz","Muhammad Nawaz",2
"Muhammad_Nawaz_Khan","Muhammad Nawaz Khan",2
"Muhammad_Owais_Siddiqui","Muhammad Owais Siddiqui",2
"Muhammad_Riaz_Farooq_Sahi","Muhammad Riaz Farooq Sahi",2
"Muhammad_Rizwan","Muhammad Rizwan",2
"Muhammad_Saddiq","Muhammad Saddiq",2
"Muhammad_Saeed","Muhammad Saeed",2
"Muhammad_Sher_Khan","Muhammad Sher Khan",2
"Muhammad_Tahir_Khan","Muhammad Tahir Khan",2
"Muhammad_Tahir_Makhdoom","Muhammad Tahir Makhdoom",2
"Muhammad_Wali_Shah","Muhammad Wali Shah",2
"Muhammad_Yaqoob","Muhammad Yaqoob",2
"Muhammad_Yaseen","Muhammad Yaseen",2
"Muhammad_Yousuf","Muhammad Yousuf",2
"Muhammad_Zahid","Muhammad Zahid",2
"Muhammad_Zia_Ul_Haq","Muhammad Zia Ul Haq",2
"Muhammad_Zubair","Muhammad Zubair",2
"Munir_Ahmad","Munir Ahmad",2
"Mustafa_Nawaz_Khokhar","Mustafa Nawaz Khokhar",2
"Nabeel_Ahmed_Gabol","Nabeel Ahmed Gabol",2
"Naqeeb_Ullah","Naqeeb Ullah",2
"Naseem_Muhammad_Khan","Naseem Muhammad Khan",2
"Naseer_Ahmed_Kakar","Naseer Ahmed Kakar",2
"Nasir_Abbas","Nasir Abbas",2
"Nasir_Khan","Nasir Khan",2
"Nasir_Mahmood","Nasir Mahmood",2
"Nasir_Mehmood","Nasir Mehmood",2
"Naveed_Anjum_Khan","Naveed Anjum Khan",2
"Nazir_Ahmed","Nazir Ahmed",2
"Nisar_Ahmad","Nisar Ahmad",2
"Noor_Alam_Khan","Noor Alam Khan",2
"Noor_Muhammad","Noor Muhammad",2
"Omar_Ayub_Khan","Omar Ayub Khan",2
"Pir_Dilawar_Shah","Pir Dilawar Shah",2
"Pir_Sajjad_Saeed_Jan_Sirhandi","Pir Sajjad Saeed Jan Sirhandi",2
"Qaisar_Jamal","Qaisar Jamal",2
"Rahat_Hussain","Rahat Hussain",2
"Raja_Imran_Ashraf","Raja Imran Ashraf",2
"Rana_Muhammad_Faraz_Noon","Rana Muhammad Faraz Noon",2
"Rao_Muhammad_Ajmal_Khan","Rao Muhammad Ajmal Khan",2
"Rashid_Ali","Rashid Ali",2
"Riaz_Ahmed","Riaz Ahmed",2
"Saeed_Ur_Rehman","Saeed Ur Rehman",2
"Safdar_Ali","Safdar Ali",2
"Sahibzada_Muhammad_Hamid_Raza","Sahibzada Muhammad Hamid Raza",2
"Sahibzada_Tariq_Ullah","Sahibzada Tariq Ullah",2
"Saif_Ur_Rehman","Saif Ur Rehman",2
"Saleem_Abbas","Saleem Abbas",2
"Saleh_Muhammad","Saleh Muhammad",2
"Salim_Rehman","Salim Rehman",2
"Sana_Ullah","Sana Ullah",2
"Sardar_Awais_Ahmad_Khan_Leghari","Sardar Awais Ahmad Khan Leghari",2
"Sardar_Ghulam_Mustafa_Khaskheli","Sardar Ghulam Mustafa Khaskheli",2
"Sardar_Khan","Sardar Khan",2
"Sardar_Mansoor_Hayat_Tamman","Sardar Mansoor Hayat Tamman",2
"Sardar_Meer_Badshah_Khan_Qaisrani","Sardar Meer Badshah Khan Qaisrani",2
"Sardar_Muhammad_Mushtaq_Khan","Sardar Muhammad Mushtaq Khan",2
"Sardar_Muhammad_Yaqoob","Sardar Muhammad Yaqoob",2
"Shah_Abdul_Aziz","Shah Abdul Aziz",2
"Shah_Faisal_Afridi","Shah Faisal Afridi",2
"Shah_Nawaz","Shah Nawaz",2
"Sheikh_Rasheed_Ahmed","Sheikh Rasheed Ahmed",2
"Sohail_Ahmad","Sohail Ahmad",2
"Sohail_Mansoor_Khawaja","Sohail Mansoor Khawaja",2
"Syed_Ali_Hussain","Syed Ali Hussain",2
"Syed_Asghar_Ali_Shah","Syed Asghar Ali Shah",2
"Syed_Faisal_Imam","Syed Faisal Imam",2
"Syed_Fakhar_Imam","Syed Fakhar Imam",2
"Syed_Ghous_Ali_Shah","Syed Ghous Ali Shah",2
"Syed_Javed_Hussain_Shah","Syed Javed Hussain Shah",2
"Syed_Mukhtar_Hussain_Shah","Syed Mukhtar Hussain Shah",2
"Syed_Qurban_Ali_Shah","Syed Qurban Ali Shah",2
"Syed_Sajjad_Hussain_Shah","Syed Sajjad Hussain Shah",2
"Tahir_Bashir_Cheema","Tahir Bashir Cheema",2
"Taj_Muhammad","Taj Muhammad",2
"Ubaid_Ullah","Ubaid Ullah",2
"Usman_Ali","Usman Ali",2
"Waheed_Ahmad","Waheed Ahmad",2
"Zaka_Ullah","Zaka Ullah",2
"Zulfiqar_Ali_Shah","Zulfiqar Ali Shah",2
