"Party","Degree","Betweenness","Closeness","Eigenvector","PageRank","Eccentricity"
"Aalay Kalam Ullah Farman Rasool",0,0,NA,0,0.00138504155125364,0
"Aap Janab Sarkar Party",0,0,NA,0,0.00138504155125364,0
"AATP",0,0,NA,0,0.00138504155125364,0
"Afgan Qomi Movement (Pakistan)",0,0,NA,0,0.00138504155125364,0
"AJP",2,0,0.326241134751773,0.0882361952505339,0.0036446137485224,5
"AJP-P",1,0,0.282208588957055,0.0548521386009414,0.00256219496595086,6
"AL",0,0,NA,0,0.00138504155125364,0
"ALI",0,0,NA,0,0.00138504155125364,0
"All Pakistan Bayrozgar Party",0,0,NA,0,0.00138504155125364,0
"All Pakistan Muslim League",7,7.6569290358764,0.393162393162393,0.331883269536113,0.0093787257750421,4
"All Pakistan Youth Working Party",0,0,NA,0,0.00138504155125364,0
"ALPP",0,0,NA,0,0.00138504155125364,0
"AMLP",1,0,0.283076923076923,0.0307216018360838,0.00273251744402589,6
"ANP",14,108.542103614213,0.36078431372549,0.573399125261217,0.0180361185282892,5
"APMM",0,0,NA,0,0.00138504155125364,0
"APP",0,0,NA,0,0.00138504155125364,0
"ATP",0,0,NA,0,0.00138504155125364,0
"Awami Himayat Tehreek Pakistan",2,0,0.321678321678322,0.0915456652409514,0.00363969585746281,5
"Awami Jamhuri Ittehad Pakistan",0,0,NA,0,0.00138504155125364,0
"Awami Justice Party Pakistan",0,0,NA,0,0.00138504155125364,0
"Awami Muslim League Pakistan",5,0.976068376068376,0.391489361702128,0.270073845809212,0.00689783932473729,5
"Awami Workers Party",3,91,0.307692307692308,0.136964193037479,0.0062825000532202,6
"AWP",2,0,0.333333333333333,0.124703529258794,0.00368431931852024,5
"Azad Pakistan Party",0,0,NA,0,0.00138504155125364,0
"Bahawalpur National Awami Party",0,0,NA,0,0.00138504155125364,0
"BAP",2,0,0.333333333333333,0.0863209395214825,0.00387058929633304,5
"BNP",6,23.9028089557501,0.40174672489083,0.29431076250939,0.00845667984954334,4
"BNP-A",6,17.643202633517,0.37246963562753,0.244752319178588,0.00892539948467535,4
"BPP",0,0,NA,0,0.00138504155125364,0
"Christian Progressive Movement",0,0,NA,0,0.00138504155125364,0
"Communist Party of Pakistan",0,0,NA,0,0.00138504155125364,0
"GAP",0,0,NA,0,0.00138504155125364,0
"GDA",6,185.517011301007,0.356589147286822,0.168632639706883,0.0111456441614949,5
"GDP",1,0,0.263610315186246,0.0116016782295938,0.00296400780746252,6
"Hazara Awami Ittehad Pakistan",0,0,NA,0,0.00138504155125364,0
"Hazara Democratic Party",0,0,NA,0,0.00138504155125364,0
"HDP",1,0,0.2875,0.0558182775751594,0.00245408452288445,5
"HDTB",0,0,NA,0,0.00138504155125364,0
"HDTP",0,0,NA,0,0.00138504155125364,0
"HKP",0,0,NA,0,0.00138504155125364,0
"HQM",1,0,0.2875,0.0619081982489165,0.00252158841355262,5
"IJI",1,0,0.292993630573248,0.0652357307651722,0.00250715758169541,5
"IPP",8,25.5663018697848,0.380165289256198,0.291120720042225,0.0110558741641287,5
"Islami Inqalab Party",1,0,0.292993630573248,0.0652357307651722,0.00250715758169541,5
"Islami Tehreek Pakistan",0,0,NA,0,0.00138504155125364,0
"Islamic Republican Party",0,0,NA,0,0.00138504155125364,0
"Istehkaam-e-Pakistan Movement",0,0,NA,0,0.00138504155125364,0
"Istiqlal Party",0,0,NA,0,0.00138504155125364,0
"Jamait Ahle-Hadith Pakistan (Elahi Zaheer)",0,0,NA,0,0.00138504155125364,0
"Jamhoori Wattan Party",4,0,0.383333333333333,0.258518939969519,0.00589245970027945,5
"Jamiat Ulama-e-Islam (S)",1,0,0.305647840531561,0.0415596277114895,0.00250733667277569,6
"Jamiat Ulama-e-Islam Nazryati Pakistan",0,0,NA,0,0.00138504155125364,0
"Jamiat Ulma-e-Pakistan (Niazi)",0,0,NA,0,0.00138504155125364,0
"Jamiat Ulma-e-Pakistan (Noorani)",8,7.50364801864802,0.420091324200913,0.42750498292829,0.0102150856820623,4
"Jamote Qaumi Movement",0,0,NA,0,0.00138504155125364,0
"Jannat Pakistan Party",3,0,0.363636363636364,0.168703556725578,0.00476599956551903,4
"JI",22,173.785501541032,0.45771144278607,0.896841358351824,0.0267806905114895,4
"JI-P",28,534.732662639219,0.412556053811659,0.948213979429045,0.0369638221793395,4
"JQM",0,0,NA,0,0.00138504155125364,0
"JUI",19,165.941469247216,0.40174672489083,0.811329473642898,0.0238962546600365,4
"JUI-F",26,486.831527555306,0.40174672489083,0.899847649935841,0.0347649628468715,4
"JUP",1,0,0.283076923076923,0.0307216018360838,0.00273251744402589,6
"JWP",0,0,NA,0,0.00138504155125364,0
"Karwan-i-Millat Pakistan",0,0,NA,0,0.00138504155125364,0
"KIAP",6,1.3118960316222,0.422018348623853,0.32829190101785,0.00809329161365329,4
"KS",0,0,NA,0,0.00138504155125364,0
"Majlis-e-Wahdat-e-Muslimeen Pakistan",2,0.646464646464647,0.326241134751773,0.0857670972299354,0.00365516859417371,5
"Markazi Jamiat Mushaikh Pakistan",0,0,NA,0,0.00138504155125364,0
"Markazi Jamiat Ulema-e-Pakistan (FK)",0,0,NA,0,0.00138504155125364,0
"Menecracy Action Party of Pakistan",6,0.688888888888889,0.408888888888889,0.337888994439433,0.00798722050783349,4
"MJAHP",2,0,0.332129963898917,0.0843559763941514,0.00378453356315232,5
"MKQM",8,60.5848424451366,0.40174672489083,0.32461277261523,0.0107436550663221,5
"Mohib-e-Wattan Nowjawan Inqilabion Ki Anjuman",2,0,0.321678321678322,0.0739538614621474,0.00391020671523992,5
"MOTP",6,32.3576217899747,0.375510204081633,0.186812289308794,0.00851453649020185,5
"MQM",31,646.83798244506,0.427906976744186,0.978958264463428,0.0409611016386453,4
"Mustaqbil Pakistan",0,0,NA,0,0.00138504155125364,0
"Mutahida Baloch Movement Pakistan",0,0,NA,0,0.00138504155125364,0
"MUTAHIDA DEENI MAHAZ",16,208.498080903682,0.438095238095238,0.604077236717946,0.0211255552286974,5
"Mutahidda Qabil Party",0,0,NA,0,0.00138504155125364,0
"Muttahidda Majlis-e-Amal Pakistan",4,0,0.352490421455939,0.191536638800533,0.00590484483819776,4
"MWMP",1,0,0.300653594771242,0.0673508924740076,0.00250816853166551,5
"National Party",5,0,0.36078431372549,0.289049710820913,0.00710007992541596,5
"National Peoples Party",1,0,0.263610315186246,0.0116016782295938,0.00296400780746252,6
"NDM",1,0,0.2875,0.0619081982489165,0.00252158841355262,5
"NP",3,0,0.334545454545455,0.188404900814339,0.00469932753373809,5
"PAAM",0,0,NA,0,0.00138504155125364,0
"Pak Justice Party",0,0,NA,0,0.00138504155125364,0
"Pak Muslim Alliance",0,0,NA,0,0.00138504155125364,0
"Pak Wattan Party",0,0,NA,0,0.00138504155125364,0
"Pakistan Aman Party",1,0,0.290220820189274,0.0687985330109275,0.00245711888693117,6
"Pakistan Awami Party",1,0,0.235897435897436,0.00942293555600412,0.00316508323299664,7
"Pakistan Bachao Party",0,0,NA,0,0.00138504155125364,0
"Pakistan Brohi Party",0,0,NA,0,0.00138504155125364,0
"Pakistan Citizen Movement",3,0,0.353846153846154,0.16305858669477,0.00465134696408596,5
"Pakistan Conservative Party",0,0,NA,0,0.00138504155125364,0
"Pakistan Democratic party",0,0,NA,0,0.00138504155125364,0
"Pakistan Falah Party",2,91,0.292993630573248,0.0576253914858569,0.00585280259361438,6
"Pakistan Freedom Party",2,0,0.321678321678322,0.061807776421463,0.00370536631812522,5
"Pakistan Gharib Party",0,0,NA,0,0.00138504155125364,0
"Pakistan Human Rights Party",2,0,0.343283582089552,0.13486826835765,0.00364322894990469,5
"Pakistan Insani Haqook Party",0,0,NA,0,0.00138504155125364,0
"Pakistan Islami Justice Party",0,0,NA,0,0.00138504155125364,0
"Pakistan Ittehad Tehreek",0,0,NA,0,0.00138504155125364,0
"Pakistan Justice Party",5,0,0.403508771929825,0.273519021160077,0.00687749237387135,4
"Pakistan Kissan Ittehad",0,0,NA,0,0.00138504155125364,0
"Pakistan Muhafiz Party",0,0,NA,0,0.00138504155125364,0
"Pakistan Muhafiz Watan Party",0,0,NA,0,0.00138504155125364,0
"Pakistan Muhajir League",0,0,NA,0,0.00138504155125364,0
"Pakistan Muhammadi Party",0,0,NA,0,0.00138504155125364,0
"Pakistan Muslim League",12,371.199536344526,0.393162393162393,0.446544431858803,0.0190231890744756,5
"Pakistan Muslim League-Muttahida",0,0,NA,0,0.00138504155125364,0
"Pakistan Muslim League (F)",6,18.7167174346122,0.330935251798561,0.243355266930323,0.00891155186740628,5
"Pakistan Muslim League (J)",2,0,0.321678321678322,0.106799911121728,0.00360321858516642,5
"Pakistan Muslim League (Safdar)",0,0,NA,0,0.00138504155125364,0
"Pakistan Muslim League (Sher-e-Bangal) A.K. Fazal-Ul-",0,0,NA,0,0.00138504155125364,0
"Pakistan Muslim League (Zehri Group)",0,0,NA,0,0.00138504155125364,0
"Pakistan Muslim League “H” Haqiqi",0,0,NA,0,0.00138504155125364,0
"Pakistan Muslim League Council",0,0,NA,0,0.00138504155125364,0
"Pakistan Muslim League(Z)",2,91,0.284829721362229,0.030867706039743,0.00612102193751613,6
"Pakistan Qaumi League",0,0,NA,0,0.00138504155125364,0
"Pakistan Qaumi Party",0,0,NA,0,0.00138504155125364,0
"Pakistan Saraiki Party",1,0,0.259154929577465,0.00919989466482082,0.00316934896013229,6
"Pakistan Sunni Tehreek",12,47.1375118998648,0.440191387559809,0.533347515334111,0.0152117772919335,4
"Pakistan Tehrek-e-Inqalab",0,0,NA,0,0.00138504155125364,0
"PAL",2,0,0.312925170068027,0.127143929014089,0.00364370444399439,5
"PAP",0,0,NA,0,0.00138504155125364,0
"PAQ",0,0,NA,0,0.00138504155125364,0
"Pasban Pakistan",0,0,NA,0,0.00138504155125364,0
"PAT",10,119.804311065611,0.391489361702128,0.385688826361838,0.0144101611792229,4
"PCP",0,0,NA,0,0.00138504155125364,0
"PDQM",0,0,NA,0,0.00138504155125364,0
"PFM",0,0,NA,0,0.00138504155125364,0
"PFP",0,0,NA,0,0.00138504155125364,0
"PI-P",0,0,NA,0,0.00138504155125364,0
"PIRP",1,0,0.22716049382716,0.00396454239840736,0.00387248265353649,7
"PKI",0,0,NA,0,0.00138504155125364,0
"PKMAP",9,177.284959484959,0.412556053811659,0.273313438745177,0.0142992775783083,4
"PL",0,0,NA,0,0.00138504155125364,0
"PMA",0,0,NA,0,0.00138504155125364,0
"PML",6,2.36557568530185,0.378600823045267,0.282852450441768,0.00802746587259961,5
"PML-AKFH",0,0,NA,0,0.00138504155125364,0
"PML-C",2,0,0.323943661971831,0.122369514484584,0.00369725538419004,6
"PML-N",22,432.976687345666,0.391489361702128,0.79728645656193,0.0304675001451817,5
"PML-Q",0,0,NA,0,0.00138504155125364,0
"PMLKQK",0,0,NA,0,0.00138504155125364,0
"PMLO",1,0,0.299674267100977,0.0675173758836423,0.00252010196949282,6
"PMLZ",1,0,0.222222222222222,0.00212365289294683,0.00398647587469439,7
"PMML",28,514.326558010747,0.436018957345972,0.95552064680658,0.0360850959571241,5
"PMNL",0,0,NA,0,0.00138504155125364,0
"PMP",2,0,0.307692307692308,0.0673733016194096,0.00362719726148761,5
"PNAP",2,0,0.308724832214765,0.0270190063380423,0.00416525362909296,5
"PNP",0,0,NA,0,0.00138504155125364,0
"PPAP",0,0,NA,0,0.00138504155125364,0
"PPP",28,437.255826936311,0.407079646017699,1,0.0353154887047606,5
"PRHP",15,59.7969672054812,0.448780487804878,0.682386800082465,0.0184466242446714,4
"PSDP",0,0,NA,0,0.00138504155125364,0
"PSP",0,0,NA,0,0.00138504155125364,0
"PTE",6,0,0.431924882629108,0.36953358905581,0.00805866711775154,4
"PTI",24,543.583795733465,0.408888888888889,0.833631681880155,0.0332089633936246,5
"PTSB",0,0,NA,0,0.00138504155125364,0
"PTSP",0,0,NA,0,0.00138504155125364,0
"Pukhtoonkhwa Milli Awami Party",5,35.6968936292466,0.369477911646586,0.119413050550034,0.00841014559414686,4
"Punjab National Party",2,0,0.317241379310345,0.116760336849858,0.00369874182824984,5
"PWP",0,0,NA,0,0.00138504155125364,0
"Qaumi Tahaffaz party",0,0,NA,0,0.00138504155125364,0
"Qaumi Watan Party",2,7.23683897801545,0.297734627831715,0.06866635373345,0.00391734405408463,5
"Qaumi Watan Party (Sherpao)",6,18.5324392111157,0.345864661654135,0.144702660528264,0.00874249063750965,5
"Qomi Awami Tehreek",0,0,NA,0,0.00138504155125364,0
"QWP",3,3.68333333333333,0.335766423357664,0.136106500562837,0.00487178918076343,5
"Roshan Pakistan Muhaibban Wattan Party",0,0,NA,0,0.00138504155125364,0
"Sairkistan Qaumi Ittehad",0,0,NA,0,0.00138504155125364,0
"SDP",3,91,0.348484848484849,0.133722250492748,0.00629755556075927,5
"Seraiki Sooba Movement Pakistan",0,0,NA,0,0.00138504155125364,0
"SIC",0,0,NA,0,0.00138504155125364,0
"SKQM",4,3.25238095238095,0.317241379310345,0.0498647691765893,0.00663617163478729,5
"Sunni Ittehad Council",3,0,0.347169811320755,0.177943194147674,0.0048337861657869,6
"Sunni Tehreek",5,1.21535409035409,0.377049180327869,0.260856131182705,0.00681187434518688,5
"SUP",3,0,0.370967741935484,0.161403093810051,0.00486809265013566,5
"TAP",0,0,NA,0,0.00138504155125364,0
"TDP",1,0,0.282208588957055,0.0548521386009414,0.00256219496595086,6
"Tehreek-e-Istehkaam Pakistan",0,0,NA,0,0.00138504155125364,0
"Tehreek-e-Ittehad Ummat Pakistan",1,0,0.291139240506329,0.0573526367847868,0.00256119233810836,6
"Tehreek-e-Suba Hazara",0,0,NA,0,0.00138504155125364,0
"Tehreek-e-Tahaffuze Pakistan",13,139.986021352495,0.405286343612335,0.405884860470112,0.0175439688677263,4
"Tehreek-e-Wafaq Pakistan",0,0,NA,0,0.00138504155125364,0
"Tehreek Tabdili Nizam Pakistan",3,0,0.344569288389513,0.143100928606195,0.00504494285926527,6
"Tehrik-e-Masawaat",1,0,0.292993630573248,0.0188035636378402,0.00273552887809107,5
"TIPM",1,0,0.282208588957055,0.0265348254524008,0.0026099052514846,5
"TJP",2,0,0.312925170068027,0.127143929014089,0.00364370444399439,5
"TLI",0,0,NA,0,0.00138504155125364,0
"TLP",33,784.423279368047,0.425925925925926,0.981378133061619,0.0440670515317438,5
"TNP",2,0,0.333333333333333,0.124703529258794,0.00368431931852024,5
"TTK",0,0,NA,0,0.00138504155125364,0
"TTNP",3,0,0.344569288389513,0.143100928606195,0.00504494285926286,6
"TTP",2,0,0.327402135231317,0.123091055546732,0.00365663275108968,6
